"","LPI_final","CI_low","CI_high","years","label","sim"
"1",1,1,1,1950,"concave",1
"2",0.834777852120046,0.834095210656404,0.835462961837594,1951,"concave",1
"3",0.741986992851205,0.741227891373005,0.7426541048404,1952,"concave",1
"4",0.708650249031893,0.707868850602712,0.709455459501547,1953,"concave",1
"5",0.697049149270205,0.69620200161748,0.697841806840009,1954,"concave",1
"6",0.681383047036733,0.680516770904575,0.682235398991967,1955,"concave",1
"7",0.663743096454217,0.662849237723987,0.664632734051445,1956,"concave",1
"8",0.652860483374107,0.651927325538341,0.653781961003854,1957,"concave",1
"9",0.645523210843099,0.644563635341867,0.646489876398592,1958,"concave",1
"10",0.63521145709503,0.634247608815849,0.636238805864025,1959,"concave",1
"11",0.623880054590848,0.622870046516959,0.624891720523467,1960,"concave",1
"12",0.616288362524705,0.615270191687227,0.617310326258651,1961,"concave",1
"13",0.610805698375634,0.609770779799346,0.611862632836832,1962,"concave",1
"14",0.603281444842387,0.602166784309243,0.604370636531633,1963,"concave",1
"15",0.594973490662584,0.59383880092433,0.596104350212093,1964,"concave",1
"16",0.588933894093959,0.58778028112015,0.590091828905966,1965,"concave",1
"17",0.584298974100604,0.583131385062551,0.585512158672049,1966,"concave",1
"18",0.578264496378227,0.577081404791285,0.579480498799256,1967,"concave",1
"19",0.57136331306191,0.570167985809833,0.572585041969747,1968,"concave",1
"20",0.566142550326972,0.564906625618972,0.567408608510842,1969,"concave",1
"21",0.562061484655439,0.56082753127745,0.563368421090512,1970,"concave",1
"22",0.557096289699097,0.5558754880019,0.558481461208786,1971,"concave",1
"23",0.55145699588325,0.550219858884592,0.552811399223349,1972,"concave",1
"24",0.547052825855857,0.545782605849471,0.548438203432007,1973,"concave",1
"25",0.543531530987583,0.542207403479494,0.54493615438575,1974,"concave",1
"26",0.539182777829269,0.5378544113604,0.540668127685332,1975,"concave",1
"27",0.53423808553716,0.532924765250584,0.535690244869899,1976,"concave",1
"28",0.53037400598933,0.529030266959448,0.531843297008596,1977,"concave",1
"29",0.527200870678772,0.525824559400169,0.528659695288035,1978,"concave",1
"30",0.5232525733797,0.521844919058728,0.524686188970254,1979,"concave",1
"31",0.518863610777821,0.517420193135898,0.520308274888633,1980,"concave",1
"32",0.515543819065505,0.514075671252042,0.51702514962835,1981,"concave",1
"33",0.513026724309352,0.511528349725285,0.514473137140256,1982,"concave",1
"34",0.509849042351789,0.508338881161841,0.511304055294045,1983,"concave",1
"35",0.50602451201947,0.504546676420582,0.507505035058134,1984,"concave",1
"36",0.502955738003052,0.50147160258123,0.504480874204226,1985,"concave",1
"37",0.500538909807743,0.498979670277827,0.502055660994915,1986,"concave",1
"38",0.497489543931121,0.495950694501615,0.499000741392548,1987,"concave",1
"39",0.493889002719144,0.492283289122467,0.495378298187566,1988,"concave",1
"40",0.490815903321933,0.48927437591535,0.492330215496607,1989,"concave",1
"41",0.488509782423227,0.486934316975044,0.490009352082068,1990,"concave",1
"42",0.485836047994988,0.48430780274662,0.487359094023144,1991,"concave",1
"43",0.48255257942871,0.48098738492521,0.484058114266329,1992,"concave",1
"44",0.479683768867358,0.478143541195355,0.481199382126072,1993,"concave",1
"45",0.477392626925917,0.475829000751979,0.478909440298213,1994,"concave",1
"46",0.47482811335579,0.473255219796307,0.476394012796879,1995,"concave",1
"47",0.471850222503454,0.470230025219036,0.473414989601219,1996,"concave",1
"48",0.469257732322759,0.467597901435771,0.470886087407963,1997,"concave",1
"49",0.467308572480137,0.465652567664526,0.468957179304487,1998,"concave",1
"50",0.465028085947547,0.463416263010099,0.4666303930109,1999,"concave",1
"51",0.462261559439307,0.460651444852837,0.463883458780534,2000,"concave",1
"52",0.459936868875107,0.458333606822451,0.461552887626763,2001,"concave",1
"53",0.458169932186217,0.456552948962723,0.459802031418456,2002,"concave",1
"54",0.456089990361161,0.454509471382245,0.457715656009266,2003,"concave",1
"55",0.453484771313541,0.451884128995245,0.455159253658149,2004,"concave",1
"56",0.451117727303877,0.449524579973042,0.452777990853496,2005,"concave",1
"57",0.449338995202526,0.447706216657887,0.451009186460961,2006,"concave",1
"58",0.447408967217385,0.445802467619449,0.449086718335226,2007,"concave",1
"59",0.445124433435245,0.443533886778261,0.446838162938168,2008,"concave",1
"60",0.442975822520026,0.441351513596724,0.444710345911707,2009,"concave",1
"61",0.441240711708933,0.439662256764564,0.442930491044301,2010,"concave",1
"62",0.439273694716449,0.437709349409396,0.440992959306387,2011,"concave",1
"63",0.436811999156809,0.435171150938646,0.438504719797328,2012,"concave",1
"64",0.434611497457035,0.43295325005287,0.436333828506685,2013,"concave",1
"65",0.432914372567213,0.431258829104413,0.434636268174464,2014,"concave",1
"66",0.431030112378899,0.429381188314881,0.432722380642105,2015,"concave",1
"67",0.428742826207953,0.427091064328097,0.430491669422582,2016,"concave",1
"68",0.426676534505615,0.425017250485698,0.42838304906066,2017,"concave",1
"69",0.425204551518646,0.423500585207517,0.426907858220412,2018,"concave",1
"70",0.423611072063407,0.421929510828971,0.425335126642581,2019,"concave",1
"71",0.421565100463322,0.419843785820322,0.423287470918289,2020,"concave",1
"72",1,1,1,1950,"linear",1
"73",0.991624107979448,0.991021961929541,0.992290232156492,1951,"linear",1
"74",0.983585794734851,0.98276847601597,0.984407228063392,1952,"linear",1
"75",0.975434069791877,0.974504410675724,0.976444810004306,1953,"linear",1
"76",0.966938025958346,0.965883598282246,0.96796396667672,1954,"linear",1
"77",0.958158266977239,0.957003134825898,0.959230889841698,1955,"linear",1
"78",0.949420433547693,0.948217103282076,0.950577248330551,1956,"linear",1
"79",0.940999762683516,0.939721185550051,0.942279677327859,1957,"linear",1
"80",0.932839438900917,0.931542657250385,0.934111240032357,1958,"linear",1
"81",0.924391579967858,0.92293486278275,0.92568184112574,1959,"linear",1
"82",0.915725468663302,0.914285864279296,0.917238109903275,1960,"linear",1
"83",0.907101138419361,0.905604151936657,0.908667032695275,1961,"linear",1
"84",0.898755079414935,0.897215610874441,0.900410715408621,1962,"linear",1
"85",0.890451614607779,0.888907551196337,0.892079969839458,1963,"linear",1
"86",0.882053374893106,0.880514043312986,0.883719925612178,1964,"linear",1
"87",0.873265099218364,0.871700791528524,0.874993390354846,1965,"linear",1
"88",0.864641934544623,0.86300186589572,0.866373711567977,1966,"linear",1
"89",0.85603413034014,0.85439621998133,0.857738434093332,1967,"linear",1
"90",0.847137967184938,0.845424816761518,0.848889097263899,1968,"linear",1
"91",0.838313817814985,0.836565222295354,0.840097198592094,1969,"linear",1
"92",0.829447462117271,0.82773266481472,0.831258118180123,1970,"linear",1
"93",0.82094331684894,0.819223571185948,0.822862185666118,1971,"linear",1
"94",0.81244694379612,0.810667215859725,0.814288365682093,1972,"linear",1
"95",0.803808249698782,0.801960070968562,0.80567938417875,1973,"linear",1
"96",0.79502473993761,0.793113308832865,0.796904764652041,1974,"linear",1
"97",0.786331042117727,0.784389023229845,0.788221254243942,1975,"linear",1
"98",0.777690113714622,0.775688393801897,0.77958782230282,1976,"linear",1
"99",0.769062497067395,0.76719045032202,0.770929476229912,1977,"linear",1
"100",0.760309473392961,0.758379135872846,0.762231272697748,1978,"linear",1
"101",0.751465252532585,0.749535858327818,0.753358643825161,1979,"linear",1
"102",0.742807870075507,0.740867790267144,0.744785258040385,1980,"linear",1
"103",0.734421841846321,0.73242509242915,0.73642219164238,1981,"linear",1
"104",0.726205968154079,0.724179859049825,0.728128017609873,1982,"linear",1
"105",0.717891282243937,0.715866004385934,0.719833020159541,1983,"linear",1
"106",0.709364243405713,0.707342760335515,0.711352995325735,1984,"linear",1
"107",0.700987781421179,0.698950963966986,0.702910608908636,1985,"linear",1
"108",0.692558921226611,0.69051064422714,0.694505488198172,1986,"linear",1
"109",0.683929458955252,0.68187100672481,0.685860589691628,1987,"linear",1
"110",0.67516755584592,0.673175155683691,0.677178282421324,1988,"linear",1
"111",0.666390655138193,0.664370431227372,0.668374674433974,1989,"linear",1
"112",0.657800981434237,0.6557814533581,0.659786265610642,1990,"linear",1
"113",0.649352909293895,0.647364565636907,0.651245675601085,1991,"linear",1
"114",0.64079747819577,0.638715929045728,0.642696453618902,1992,"linear",1
"115",0.632037496473576,0.630013625226277,0.633976138657329,1993,"linear",1
"116",0.623273452129334,0.621249043841899,0.625161952879852,1994,"linear",1
"117",0.614654064745502,0.612652983760765,0.616540538183603,1995,"linear",1
"118",0.60613486128852,0.604178819260816,0.608040384963167,1996,"linear",1
"119",0.597644909894885,0.595624151749758,0.599581640948339,1997,"linear",1
"120",0.58916206362942,0.587131210491923,0.591080163095562,1998,"linear",1
"121",0.580634759775954,0.578670110251856,0.58259279301799,1999,"linear",1
"122",0.572082208011429,0.570186760037143,0.574016346830175,2000,"linear",1
"123",0.563641937325985,0.561675216063971,0.565595688969451,2001,"linear",1
"124",0.555248719706328,0.553313751193523,0.557196216490048,2002,"linear",1
"125",0.546621232096487,0.54472368230252,0.548548006513688,2003,"linear",1
"126",0.537988493052303,0.536108493330129,0.539959883994668,2004,"linear",1
"127",0.529438432912258,0.527619527563514,0.531301043702188,2005,"linear",1
"128",0.520933372536078,0.519161295169929,0.522819787673052,2006,"linear",1
"129",0.51249214625467,0.510690604810209,0.514322068839289,2007,"linear",1
"130",0.504105212443259,0.502320142890299,0.50588045688961,2008,"linear",1
"131",0.495626442991327,0.493831585335654,0.497388507931347,2009,"linear",1
"132",0.486900706691583,0.485150224900724,0.488660187402397,2010,"linear",1
"133",0.478263647900288,0.476498679759767,0.480010879032229,2011,"linear",1
"134",0.469529259790302,0.467749800785728,0.471260414658957,2012,"linear",1
"135",0.460892855767608,0.459142005365539,0.462631434263235,2013,"linear",1
"136",0.452296890936298,0.45059462099302,0.454043320600148,2014,"linear",1
"137",0.443552744292885,0.441837265308876,0.445210860767045,2015,"linear",1
"138",0.43493097939287,0.433259867753399,0.436604040995139,2016,"linear",1
"139",0.42633405642252,0.424645707407928,0.427953274382836,2017,"linear",1
"140",0.417819049559243,0.416166584625122,0.419406642510617,2018,"linear",1
"141",0.409365488625378,0.407706591793616,0.410962329606486,2019,"linear",1
"142",0.401030206893379,0.39938276044142,0.402598351281457,2020,"linear",1
"143",1,1,1,1950,"convex",1
"144",1.00025045532402,0.999581724150363,1.00084560989751,1951,"convex",1
"145",1.00070457625821,0.999889824357659,1.00147573286056,1952,"convex",1
"146",1.0011527201589,1.00025818007151,1.0020314562717,1953,"convex",1
"147",1.00122917287262,1.00023882672347,1.00217945591426,1954,"convex",1
"148",1.00097164323537,0.999872321486818,1.00202250779715,1955,"convex",1
"149",1.00082934907556,0.999570360737086,1.0019076466327,1956,"convex",1
"150",1.0011046195854,0.99985273019264,1.0022932604662,1957,"convex",1
"151",1.00157470840685,1.0001971365166,1.00282338880819,1958,"convex",1
"152",1.00169451938052,1.00022988904536,1.00308333772703,1959,"convex",1
"153",1.00159932723618,1.00013482216141,1.00296203096211,1960,"convex",1
"154",1.00156753105544,1.000082326409,1.00303247840578,1961,"convex",1
"155",1.00179250277503,1.00016816891301,1.003295470511,1962,"convex",1
"156",1.00204580422465,1.00036561696823,1.0037072633337,1963,"convex",1
"157",1.00210859953181,1.00034589630941,1.00384000159429,1964,"convex",1
"158",1.00190287071463,1.00005081303493,1.00376359088685,1965,"convex",1
"159",1.00168811136959,0.999842459184221,1.00356267645693,1966,"convex",1
"160",1.00154053497479,0.999597110120927,1.00345779540251,1967,"convex",1
"161",1.00109439526667,0.999065643195027,1.00310616553575,1968,"convex",1
"162",1.00056384539137,0.998418496812961,1.00250926697212,1969,"convex",1
"163",1.00006843746645,0.99787399060496,1.00206644249472,1970,"convex",1
"164",0.999791057858777,0.99763277065711,1.00175975815674,1971,"convex",1
"165",0.999534769498442,0.997295325678924,1.00153728607749,1972,"convex",1
"166",0.999091858399151,0.996832707563047,1.0012342411696,1973,"convex",1
"167",0.998263667453103,0.995993342596808,1.00047484131647,1974,"convex",1
"168",0.997396641975023,0.995076174038113,0.999724062379404,1975,"convex",1
"169",0.99659213024253,0.994219021318522,0.998947592034337,1976,"convex",1
"170",0.995768308626403,0.993402402486567,0.998104307833748,1977,"convex",1
"171",0.994446883944936,0.992041443231681,0.996890615674165,1978,"convex",1
"172",0.992869952688369,0.990447781207192,0.99542309731988,1979,"convex",1
"173",0.991430806887207,0.988881648849798,0.994026367123715,1980,"convex",1
"174",0.990172730430764,0.987519114806264,0.992772814817905,1981,"convex",1
"175",0.988837215613098,0.986173055086668,0.991329300048951,1982,"convex",1
"176",0.987077991847934,0.984416614712601,0.989652860808327,1983,"convex",1
"177",0.985001792741208,0.98235284557531,0.98766650803768,1984,"convex",1
"178",0.982705789992463,0.980085219359563,0.985313339869387,1985,"convex",1
"179",0.980034741998391,0.977403599783783,0.98262891669898,1986,"convex",1
"180",0.976857099743094,0.974144065023765,0.97962253454708,1987,"convex",1
"181",0.973154842008279,0.970383664414159,0.975908523847613,1988,"convex",1
"182",0.968994495018345,0.966237088892345,0.971656045040306,1989,"convex",1
"183",0.964693276240718,0.96198872007053,0.967389365319434,1990,"convex",1
"184",0.959973458932568,0.957259885201237,0.962584649495954,1991,"convex",1
"185",0.954649019139484,0.951891125910069,0.957278031679264,1992,"convex",1
"186",0.948644843092288,0.945831915608739,0.951319731961776,1993,"convex",1
"187",0.941931427485443,0.939061185508064,0.944701255358512,1994,"convex",1
"188",0.934768882808038,0.93178863531417,0.937601926851182,1995,"convex",1
"189",0.927177458406015,0.924242957447241,0.929969268655239,1996,"convex",1
"190",0.918973882268451,0.915997295468714,0.92179850946485,1997,"convex",1
"191",0.909932694816527,0.906890114087683,0.912760350885857,1998,"convex",1
"192",0.90005200291826,0.897046804895055,0.902840281236311,1999,"convex",1
"193",0.889392341096234,0.886362002459359,0.892143678129238,2000,"convex",1
"194",0.878104928534003,0.875172174465153,0.880917592839645,2001,"convex",1
"195",0.865825032184994,0.86274391680943,0.86866836658033,2002,"convex",1
"196",0.852147506054701,0.849188755280565,0.854932170698234,2003,"convex",1
"197",0.837366625366214,0.834408406089196,0.840123783432812,2004,"convex",1
"198",0.821632013570537,0.818819174173966,0.82434213668074,2005,"convex",1
"199",0.804871471855671,0.802072147979606,0.807621598407621,2006,"convex",1
"200",0.786698663657394,0.783915591881671,0.789278375479447,2007,"convex",1
"201",0.767479698490192,0.764775970514337,0.770066807897923,2008,"convex",1
"202",0.746712544259232,0.744072677540964,0.74922145273736,2009,"convex",1
"203",0.724163527590566,0.721572229671851,0.726648580042249,2010,"convex",1
"204",0.699914853786496,0.697415412310972,0.702297489026944,2011,"convex",1
"205",0.674164213780656,0.671731241381344,0.676544034564832,2012,"convex",1
"206",0.646937348894179,0.644612384118488,0.649234055876471,2013,"convex",1
"207",0.617859241661842,0.615595968538989,0.620050982034138,2014,"convex",1
"208",0.58654626836887,0.584382020802665,0.588692734046858,2015,"convex",1
"209",0.553343616886944,0.551247421039352,0.55539064378322,2016,"convex",1
"210",0.518214611332504,0.516226623862236,0.520121137181764,2017,"convex",1
"211",0.480875993290342,0.478976589667162,0.482674419774545,2018,"convex",1
"212",0.441871020836812,0.44018206454824,0.443544102649756,2019,"convex",1
"213",0.40352504608036,0.401926441308349,0.405059201074127,2020,"convex",1
